id;msisdn;matricule;first_name;last_name
1;mobile Fish;Home Loan Account Table Computer;Anderson;Koch
2;seamless Metal deposit;Producer;Riley;Wehner
3;Electronics;Soap methodology Albania;Holden;Bahringer
4;Namibia;Steel zero administration;Frederick;Feeney
5;Licensed Savings Account;Cambridgeshire Mississippi;Alyce;Stokes
6;Yuan Renminbi Centers;Factors;Virgil;MacGyver
7;envisioneer Music Public-key;infomediaries;Bonita;Monahan
8;backing up Salad;Digitized invoice;Elvis;Kassulke
9;sky blue Georgia;Facilitator;Opal;Kirlin
10;e-enable Communications capacitor;Awesome;Cleve;Leannon
